,time,loss,sqr res,norm cond,orthogon cond,bound cond,Rayleigh0,Rayleigh1,Rayleigh2,Rayleigh3,Rayleigh4,sqr_res_per_state0,sqr_res_per_state1,sqr_res_per_state2,sqr_res_per_state3,sqr_res_per_state4
0,1.7161872386932373,984.3713440814856,72.47441883111631,0.44899438458568963,5.597693461939771,5.969070052210652,5.907836474012764,6.170937705808036,5.5165876207786955,6.708157292546396,4.997833762789434,15.174265198008031,13.760298449562102,14.8143692025888,15.74190503657043,12.983580944386947
1,2.140826940536499,904.3283010871726,62.452035138088576,0.44938245475250765,6.124226087974122,6.548154649441171,5.5950695033945985,5.917990975455916,5.157854043396905,6.369663856317955,4.800790704562769,13.470592168496346,12.485931863682596,12.236664431023321,12.681623367810543,11.577223307075768
2,2.5717263221740723,764.2340903447914,46.96716162698796,0.4508797308811684,6.526129122358331,5.915353778552166,5.371935746002617,5.801286339636859,5.047018549801851,6.1466419264173275,4.784193109286585,9.543521896182817,9.438626491516802,8.83329136391979,9.80580249494313,9.34591938042542
3,2.9690141677856445,762.4644965223031,46.55180642664739,0.4533151344296496,6.64944645749432,3.7682684213469972,5.294708325916232,5.704051031827582,4.933517696107574,6.066206632745519,4.7485067136828425,9.416440488662897,9.58374977592074,8.595994136341645,9.895551342577885,9.060070683144222
4,3.369436025619507,699.4654413719438,39.89875770546944,0.4558769207353319,6.743224712282299,4.109012269984844,5.176346222315231,5.563676556515917,4.846314319929622,5.963351392165145,4.634298144311374,8.062503155142645,7.330628190108871,7.97566125620801,8.319715910871446,8.210249193138475
5,3.7600581645965576,664.2860793233998,36.69043371108459,0.4584372258591582,6.7210458109923055,2.5160394633953445,5.055903291478763,5.451086976015906,4.721925333729064,5.797176850507534,4.539340631876005,7.5564995877007135,6.910553341654691,7.007086439873824,8.034161582228238,7.1821327596271205
6,4.157978773117065,648.6503843101277,35.515408818424426,0.46093512056347835,6.629843513799759,2.94074047432491,4.869871765290257,5.364935209130867,4.570518506643486,5.6610831096847445,4.434471388255312,7.18956669775227,6.540363210692474,7.0401015755710565,7.523043214274179,7.2223341201344455
7,4.568996429443359,624.8145727735559,33.55367279808715,0.46338852771837974,6.5411715367431205,2.1731127856428776,4.891730072964075,5.367651778849021,4.586400930760183,5.665475866297819,4.483223360727265,6.677177271422213,6.078098846780421,6.920221434716459,7.127125578914122,6.751049666253934
8,4.9662766456604,616.9475868209423,33.545281507173,0.46570280231897976,6.345479742174296,2.1379694059189926,4.879463450613054,5.4126925933935865,4.608754531803917,5.6878042515007,4.483195026691257,6.64142293074455,6.395875565989684,6.7469257534457245,7.092922937589007,6.668134319404034
9,5.364989995956421,613.8003652671059,34.262184058208845,0.4680103802948589,6.105861562611829,1.5113434086154771,4.863612347973977,5.390229010866563,4.566375432379409,5.680673111268017,4.4638184891460515,6.4427077530596035,6.563518164112719,6.987726476800283,7.339704022662694,6.9285276415735435
10,5.777435064315796,604.2732475997407,34.31485417574394,0.470276117868912,5.854045065389056,1.47281974186604,4.866248830224939,5.3676256023055045,4.604217419431244,5.700350745852308,4.481364769190177,6.860288992924053,6.279087442318318,6.837073491153064,7.610874849857943,6.727529399490562
11,6.174028158187866,597.1502923177801,34.87414099224105,0.4725789298370866,5.543060670419555,1.2519486229707708,4.867993164773307,5.344853696072376,4.607985693051801,5.645791021849175,4.495304450032817,6.958511296176466,6.418367380784947,7.0188441755118545,7.557864711009679,6.920553428758111
12,6.575098037719727,580.2707546617439,34.40016693114221,0.4749065431710972,5.246669381897608,0.9663601986882236,4.8458416099802735,5.352737211204998,4.604450432936343,5.668942267759966,4.4890718106765615,6.725571408918744,6.291683860505081,6.812975296948614,7.61262834707627,6.9573080176935
13,6.973938941955566,567.63572533161,34.470727157777304,0.4771934170090877,4.921391877559922,0.9029463879669389,4.770549151778895,5.281912264281129,4.6106493757799525,5.558707053240104,4.470821001383934,6.723221422161291,6.282485271646969,6.649589301571746,7.974181616959097,6.841249545438201
14,7.370806694030762,561.2314924567836,35.28436600328526,0.47949685366653305,4.56047430566118,0.8936016440219643,4.799352626481641,5.2682454325688814,4.611042320138022,5.430868821825094,4.486252498781755,6.596427153414313,6.678497518753435,6.549315167893967,8.706318488950387,6.753807674273153
15,7.784592628479004,551.4111046027629,35.73379380414852,0.48179541688014615,4.210346090597185,0.6969101921390247,4.764402174853722,5.3223077904395435,4.519666280127062,5.471638639675807,4.4026024432749225,6.7774524215572685,6.618690653346631,6.890249971390405,8.424112938049063,7.0232878198051445
16,8.197930574417114,533.26310438255,35.191547948197254,0.48410618515198445,3.89695398149719,0.7159838042410693,4.727561882936966,5.27973974959899,4.538428800912704,5.340157948081254,4.383487269766929,6.627266414589838,6.34144783704648,6.898882713949641,8.336696531775747,6.98725445083555
17,8.598834753036499,527.4520750762588,35.84796137569945,0.4864433801128836,3.5961180526769554,0.5356124910930249,4.676752963298217,5.252798231410229,4.518472007534467,5.272660724524987,4.384999414212285,6.805378868120977,6.647094952260251,6.88942625193188,8.514793445818729,6.991267857567609
18,8.998085498809814,522.4516677130752,36.52661023503591,0.4887854189277452,3.3009119239988793,0.6367844286436417,4.686515394212051,5.251712244075737,4.523350019308433,5.179251265579914,4.382689632013318,6.7877745015218,6.981942122917316,6.706891352622411,8.969382454199033,7.080619803775346
19,9.409929037094116,504.15234689410903,35.81526243876696,0.4911360141645932,3.029889581945366,0.4533774155922234,4.70857108879981,5.225569205385808,4.509894344627313,5.10359774283717,4.31199341721792,6.613169170648601,7.098642687785357,6.447071466091263,8.765567735773276,6.890811378468463
20,9.816420316696167,494.70714760198416,35.873571223978004,0.4934655570220179,2.7854568256045162,0.3998749995250941,4.681376670019423,5.239184330943978,4.462337458944361,5.018918542464045,4.258004779104604,6.453564791033358,7.0933494835928945,6.688467562843816,8.858609874705587,6.779579511802344
21,10.205675601959229,485.31510226644684,35.66821241486357,0.4958349937456371,2.60080980313687,0.40540762503225874,4.700248394773641,5.279263810381097,4.478737039729025,4.987852109523918,4.253242019150754,6.541645233884947,7.025074290478101,6.458784525551524,9.16371960919415,6.478988755754847
22,10.617915153503418,489.2828482639344,36.81448880252651,0.4982235603597899,2.424380394317308,0.3900541116414266,4.676504016823262,5.194531064291238,4.39581036524494,4.868860053502832,4.13876129411349,6.913124180918916,7.4472641055547815,6.856231266767853,8.79122233645576,6.806646912829204
23,11.018450260162354,480.21416295433943,36.47687028225903,0.5006553186158919,2.2893264135439613,0.2697783489267318,4.6502688579609455,5.176713986203598,4.368805360419572,4.814335307074988,4.091846410788966,7.159562903829211,7.4016850886992165,6.699783399317924,8.714765046088054,6.501073844324623
24,11.421041488647461,465.56104536680334,35.50261762856271,0.5031141475080887,2.170402849826829,0.26085546871595844,4.664225009660771,5.211066293313648,4.2886803191794245,4.786603298926553,4.004210550798616,6.559187998159625,7.215785178905241,6.55074592146672,8.58181988060281,6.595078649428315
25,11.818924188613892,470.10376329506175,36.438413095742284,0.5055704819970167,2.0570319394184313,0.23066284291201777,4.674030945863962,5.148974001041022,4.26793392671108,4.645591987366623,3.965590575009967,6.922035920533219,7.696481641515512,6.5828497196764095,8.793293191759872,6.443752622257272
26,12.2203369140625,464.7306056473175,36.31005781411403,0.5079941922712966,1.962670851002868,0.24219728296848178,4.657979728084294,5.094239972519731,4.210776619525539,4.534900039073226,3.87510563161984,7.176147412360423,7.537036537872201,6.510133016044104,8.762014708391032,6.324726139446277
27,12.638366460800171,463.4206068190883,36.459548206303104,0.5104161947555225,1.8939761937623296,0.16842221347200032,4.652750699247308,5.12296125412796,4.209259119309719,4.552479451441767,3.8497880732097887,7.358224932502396,7.835318837932162,6.302590757289843,8.851553725685383,6.111859952893317
28,13.049111604690552,460.5131069886569,36.38625765881583,0.5128260465917609,1.8396098931478806,0.20954486401070793,4.686574498994747,5.1526586329384125,4.18024382695199,4.529102103846232,3.7951847012495454,7.3910866138337425,7.817482772221739,6.382668452620201,8.722351838058827,6.07266798208132
29,13.44954514503479,452.58056321718607,35.78053514893904,0.5152161772895096,1.8011337792840796,0.1554701897696994,4.704562936095597,5.067211773081886,4.115083835945515,4.456192823886712,3.716122820363586,7.258897725114844,7.695679864120338,6.232275029131878,8.590896234467296,6.0027862961046825
30,13.859442710876465,453.0591992059217,36.05059408059613,0.5176284206509316,1.7498190247284036,0.1527028606222154,4.67543119651143,5.09611016446836,4.020836938816287,4.491333966762386,3.6064538629926886,7.3375297963226735,7.512399563503125,6.552643295355368,8.590982890056877,6.057038535358081
31,14.26182508468628,438.2540664916164,34.654086143253366,0.52006673429171,1.7310735235111958,0.13987044476262994,4.627443675607128,5.091915257204162,3.9928244402586577,4.510664178888147,3.58747938762241,7.141825998935793,7.325801969054837,6.279905748396438,8.149838564453017,5.756713862413282
32,14.663795709609985,431.73286255559896,34.1416823541763,0.5225508272151098,1.6993330949291907,0.12279144430927372,4.616313435884821,5.066189711448964,3.9809537197223714,4.470551825375469,3.5633642527124025,7.028436688752122,7.360860647729448,6.010032389871691,8.122009255685457,5.62034337213758
33,15.066425323486328,423.25560607790413,33.41521183317813,0.5250710615924813,1.670697207096326,0.10248308042492515,4.596607542639772,5.121639399067529,3.9090669091492223,4.540166309830972,3.4805651595649127,6.945873572873062,7.033841914277436,6.174888060244113,7.7573419504031955,5.5032663353803235
34,15.46552038192749,418.7525276426812,33.0021366156909,0.5276125010003407,1.6637952461304009,0.11086142793281534,4.59951527715488,5.119333194057338,3.8487502618418383,4.549233052897809,3.424045925671067,6.805465345725634,7.080234385752785,5.916092613457399,7.866183765447112,5.334160505307976
35,15.864542961120605,416.297997352122,32.82167102824606,0.5301876758969252,1.6524914757889277,0.10502010135971082,4.574315177508621,5.067576564500837,3.7930421545002697,4.54010365950478,3.37138270483325,6.7855620379885,7.1953132933147295,5.789348330524114,7.88298890211374,5.16845846430497
36,16.26867651939392,421.70590657747243,33.432497635266806,0.5327513966388058,1.6353576996214574,0.07620478044504353,4.561580392077528,5.1000005791079515,3.7859836309959176,4.545212957450112,3.3648885032307723,7.129421325709272,7.198511064830296,6.037635402632481,7.892018881893371,5.174910960201388
37,16.66913628578186,416.65782066993717,32.906149650475335,0.5352900159730529,1.645537811527251,0.06401933775827892,4.5310043166866425,5.060805795405196,3.7133105597433533,4.574598520670967,3.295783157856291,6.970518926386854,7.018097312549141,5.98927870679129,7.744287089035106,5.183967615712944
38,17.07514715194702,416.28883221509125,32.79821257930798,0.5378149315126622,1.6653813144377865,0.07248902728919662,4.505569899599919,5.0495358791521765,3.6705969653420683,4.597256306042288,3.258190835561692,7.036223863761197,7.067501335523828,5.8745153437102875,7.717062425933765,5.102909610378898
39,17.475829601287842,411.2115011624348,32.27639446791417,0.5403547271960887,1.6734453322721874,0.06467659863762393,4.496164901465391,5.0194814814091675,3.614540472475236,4.578091296169473,3.19643371505261,6.834214527826256,7.055419305605398,5.824028400061473,7.516998154297647,5.0457340801234025
40,17.896425247192383,402.9596522416966,31.410273523988177,0.5429098795327445,1.6862986348772975,0.0682995682518486,4.457378006414192,5.0169466221871275,3.565080305930776,4.584752991481085,3.16960423292513,6.563257432472698,6.903658482852267,5.6740652524628885,7.392075265184042,4.87721709101628
41,18.32266902923584,396.9429472053319,30.856137842308506,0.5454649368063103,1.6781437236525578,0.0593019140146186,4.424151871247636,4.982338644188741,3.533233747459545,4.6061748261732625,3.105153896254445,6.583384855966952,6.694225599140556,5.554004070490819,7.175295559361307,4.849227757348876
42,18.72896409034729,393.5071617407638,30.497950381088067,0.5480172805067414,1.6822013392653279,0.07267943442218254,4.416736190983489,5.0097373472095805,3.504953724240095,4.582836721208781,3.104643660699167,6.528033004624298,6.6742329755197325,5.513706462241913,7.113735334059745,4.668242604642382
43,19.125309944152832,394.2740547381059,30.62187110661528,0.5505906294910474,1.6746973422243248,0.06844185559466356,4.446850398287227,4.964476875119937,3.393082690283229,4.625916572916697,3.0180909612873137,6.491055103012114,7.022499899739093,5.4545496132460425,7.087848490262307,4.565918000355725
44,19.515572547912598,394.1232613029685,30.581763883911723,0.553183482556821,1.6812962453752964,0.06098505314451,4.476790460287996,4.9660031568248035,3.353951182400886,4.651736150934454,2.9911231626899375,6.5765726081179805,6.901955757537134,5.417031245534599,7.297259832171886,4.388944440550124
45,19.92782974243164,386.2515201603029,29.690885442622616,0.5557550569532604,1.7137452137226343,0.042987869560433156,4.426828327220489,4.945111403263763,3.307634425287762,4.580859868088144,2.9336802347975137,6.684524868833291,6.697798225422168,5.172913923312678,6.874043488136799,4.26160493691768
46,20.33427095413208,381.82186458939447,29.304216046422546,0.55830609985778,1.701572767688589,0.05176023962509044,4.387325238960139,4.939361381368871,3.2968886539514446,4.580951259740421,2.9022005441217074,6.664424031170857,6.6338881373277525,5.088316735720851,6.7886224648629065,4.128964677340177
47,20.734766721725464,380.26227496445205,29.169982017434293,0.5608490131140407,1.6987917452333992,0.05952271156592309,4.377694406037334,4.920674254250689,3.2365865565086596,4.611838644163672,2.8436193951328494,6.539535655519659,6.6628802704507795,5.176439255922612,6.650135395765198,4.140991439776045
48,21.13493800163269,381.23449036975944,29.373518432632594,0.5633894056077073,1.6758140717847985,0.04987079473472111,4.330655046495004,4.921426005413295,3.193716954951578,4.609175249355139,2.7985097154841636,6.866384821565248,6.653294566921824,5.2985924140338305,6.324969809448061,4.230276820663628
49,21.53669285774231,376.5631722080717,29.031088610327547,0.5659613507113243,1.6460381272511775,0.05183557926539782,4.310346328979444,4.938654609120979,3.178779184160646,4.589722505730386,2.77546145678091,6.8412154118970445,6.620413932412638,5.062980971144504,6.5052888461436735,4.001189448729686
50,21.942877531051636,375.7516163404565,28.98544900008856,0.5685269466932005,1.639912383209727,0.0602317018860663,4.289433179794462,4.914220775301884,3.136606616963531,4.592450305786936,2.739161484755732,6.960027637088793,6.606964126239233,4.994462212286794,6.476458163414654,3.9475368610590835
51,22.350011110305786,373.6997073812989,28.779755160298777,0.5711209253600718,1.6470023378200067,0.04182701552791741,4.267681291096951,4.883050585861918,3.060157206628234,4.499596435402494,2.6986288056332643,6.781263741220045,6.564516396529878,5.014299562871602,6.478832976024543,3.9408424836527107
52,22.750421285629272,378.3527684698963,29.37907442078513,0.5737164390399471,1.6181634605320008,0.03430381534585902,4.2597518088780815,4.874804246124328,3.009649728942358,4.438233252672659,2.645026549761805,6.808693311765383,6.658816312629153,5.244857956190099,6.587286542873227,4.079420297327269
53,23.15063714981079,371.57409815786895,28.66250250486307,0.5763115956418903,1.6252884657673368,0.04409250583114288,4.253703326671053,4.9274988437849325,3.031446378348809,4.478608283634861,2.62587354463205,6.768404736266698,6.56545674248578,5.060219214470361,6.347630874181264,3.9207909374589693
54,23.55035710334778,366.59208264911405,28.257467600594886,0.5789047262230299,1.604207008693228,0.037650585688970575,4.1905974721478785,4.917709296554263,3.005058692603494,4.515459493260768,2.6037460289576635,6.675001683474448,6.459803490060298,5.019267445611151,6.242057542644968,3.8613374388040205
55,23.938878297805786,359.90655565910225,27.711309995923187,0.5814983291941241,1.5721771065807684,0.030464252379741978,4.166979847849642,4.962203640530842,3.0293201053839387,4.4995527314573796,2.636352529843964,6.679004533256221,6.214413698389776,4.969843651701311,6.148131313666838,3.6999167989090433
56,24.35328221321106,354.33406699133377,27.09398328725537,0.5840936231403514,1.5926263965122127,0.032565701301415506,4.154478745118022,4.948646843493486,2.9852214607315206,4.410424015623317,2.573747868883495,6.457760934570432,6.125819717529854,4.894010557906416,5.9614882899757085,3.654903787272959
57,24.74496841430664,349.41242039588633,26.63349618527791,0.5866930247311541,1.5880634756916112,0.03102101376010212,4.121166325557326,4.943712518830733,2.938979242846293,4.389609090268716,2.5437382994485027,6.298662029248595,6.072689629945958,4.674023538841993,6.0565684748269755,3.5315525124143883
58,25.1528103351593,340.0169217603798,25.76613475352083,0.5893331224234017,1.5712303992043453,0.0247912702750964,4.114785374133909,4.9015789947659645,2.9582173355747603,4.380411154699226,2.537241005125341,6.311708857607209,5.877286974165882,4.37071733684418,5.881453070921502,3.324968513982059
59,25.54969358444214,331.73239134756886,25.0424965631496,0.5920030715004269,1.5470774729037846,0.027180002029078575,4.1091290984996185,4.900549018099328,2.916536180968587,4.379276054568353,2.499653374256057,6.236004259973041,5.682852157814656,4.294436293416874,5.597221968672381,3.2319818832726503
60,25.96668553352356,328.8080963340256,24.79685906573655,0.5946803090137448,1.5408869445365116,0.019206443456349857,4.106941943170622,4.852435105661942,2.9056822135931926,4.274609680708215,2.450472199595545,5.942707167225876,5.715165577433657,4.2654780362001725,5.616012691299819,3.257495593577027
61,26.395155429840088,325.9829085998603,24.608234757073323,0.597368257607794,1.5189717478428875,0.030649178841639084,4.0634601915303765,4.925969820309512,2.8163649445568257,4.297774790904307,2.4101039316611494,5.866981818686583,5.672188232471008,4.253690740863579,5.721317058450842,3.0940569066013093
62,26.814412117004395,322.8225605388626,24.341657408574193,0.6000567090288964,1.5102839803311352,0.0316944115572702,4.035659040994144,4.8847353098700195,2.8040494394262425,4.2397234058999995,2.398708923098684,5.776393047750124,5.483782096856492,4.16325242841674,5.785439540683508,3.132790294867327
63,27.21552872657776,315.08498374700423,23.643158886651328,0.6027528300899115,1.4961872570640788,0.015973524573057188,3.923105299489587,4.896471536536159,2.7503894162704947,4.256440524886884,2.3607714660817454,5.555229541440415,5.621456449071385,4.023266420968888,5.476148537286979,2.9670579378836646
64,27.61746120452881,315.4453781457153,23.657341500243092,0.6054524966332403,1.5037139623765388,0.0253875609230963,3.9634931274459273,4.875735092728997,2.71671554990519,4.199909500154915,2.336711320431489,5.378021765049383,5.7024483643196495,3.8567884795433724,5.80700751570913,2.9130753756215544
65,28.019196033477783,312.7317422520299,23.351506844622527,0.6081468375509428,1.5169909070679242,0.020989284839139997,3.9031876528393745,4.881170119257267,2.633441037654996,4.196703542156114,2.2933990487898184,5.205550591076183,5.917019256939391,3.73012237737119,5.634752124183311,2.8640624950524525
66,28.457366466522217,305.0783481970498,22.693890825598046,0.6108100943269906,1.489182539137711,0.016691862518751578,3.8374744075308715,4.868840124103957,2.672445063534724,4.233807060968273,2.3320697625773295,5.219931235905771,5.751536653504272,3.625750856781179,5.314212703913783,2.7824593754930413
67,28.86012840270996,297.68306892302746,22.072396911228893,0.6134318281877793,1.46585692039255,0.02090363316497422,3.7919337726681204,4.822562221074328,2.6272613338988737,4.194100435316278,2.2546297707261713,4.947939844709701,5.741791389983654,3.5574434718478223,5.061792921015755,2.7634292836719614
68,29.259321928024292,296.3534959817939,22.00089440790723,0.6160036203804352,1.4521486496461122,0.030765017688843266,3.754231383285686,4.835407340718067,2.6036196303818975,4.1553002165172535,2.263278707904921,4.968274885377731,5.765748190886045,3.370783411248388,5.248791365168445,2.647296555226622
69,29.65993094444275,291.628890032781,21.53068409844415,0.6185033345399136,1.4527479408541457,0.017630804548573617,3.7360954245873743,4.850112115297106,2.545906158638875,4.216615612104391,2.227267964457421,4.81830864063004,5.659598766906196,3.2745175755436664,5.154096580542159,2.6241625348220894
70,30.069594383239746,288.1607155449632,21.16092258778201,0.620945617407759,1.4623916882068673,0.023476481554218068,3.7194647797149374,4.7963684384345715,2.5406823804588834,4.126169418105001,2.228715023193024,4.618817868017415,5.69079400715378,3.1629098053829274,5.207881067989762,2.480519839238126
71,30.470694303512573,284.8896957304518,20.862661081220118,0.6233096029681329,1.4568454190344264,0.02030031271485543,3.6620935061327464,4.8067204415259654,2.510598199059602,4.1579255801446,2.208320514327684,4.624928200125703,5.451800302026019,3.044205065133346,5.265113317840575,2.476614196094475
72,30.87126898765564,274.7516979300767,19.807190751504265,0.6255668288616887,1.4686251562412607,0.027689455505085597,3.6613902591812972,4.784199599859339,2.480614271334405,4.179222136734927,2.1761016139069103,4.319074479072329,5.329644944470462,2.9437673401511097,4.888592928938562,2.326111058871803
73,31.273411512374878,269.33690322592054,19.336982594727417,0.6277073988826819,1.4567078874446422,0.010044286999039406,3.654443617045355,4.717460254271777,2.4186081982117873,4.144305595595885,2.1261924298541937,4.134889511612017,5.488123372945072,2.8330264459953867,4.654925814329082,2.2260174498458603
74,31.672581911087036,268.1396197419044,19.271860578685025,0.6297549905154036,1.4474350422883806,0.01890544947632677,3.6393840186366897,4.678750401133637,2.3889357121347135,4.067842459807542,2.100039231814672,4.156195850625375,5.35014287824638,2.875066876903807,4.664253098711055,2.2262018741984098
75,32.07316875457764,261.27062894325275,18.58370671164514,0.631711542813781,1.450032562190949,0.030640821388716998,3.595479524776916,4.648035662961343,2.3630192724136942,4.07978352562767,2.0835889891812562,4.088493110459267,5.24840958410482,2.744012325330195,4.284780034201618,2.2180116575492357
76,32.47290110588074,259.0040000967696,18.346963245567206,0.6335664789097254,1.4561363776733616,0.0174379427806806,3.5649751875290563,4.636818000525581,2.326824814172441,4.058295686570595,2.0509944236749824,4.071221969191999,5.196803184036983,2.616780792832955,4.321885329299682,2.1402719702055863
77,32.87203598022461,259.06628810322127,18.411888378295775,0.6353208661693484,1.4426889612640712,0.009664124536004903,3.541574707232744,4.635506359147409,2.305656461703572,4.065818887195692,2.046304463715901,4.11383720037111,5.150187361619808,2.562972842764952,4.534810649591752,2.050080323948151
78,33.271127462387085,256.78794991222674,18.3204635367479,0.637010603767738,1.41189965778098,0.017141979680992493,3.50157540810842,4.598130172464212,2.2574366886613055,4.083988948283508,2.012044432542403,4.087440766708197,5.274952067784901,2.4456016613690723,4.516084874525927,1.9963841663598028
79,33.696836948394775,253.5690111961111,17.934625117512567,0.6386234142376259,1.4305907010044348,0.014928412486809723,3.465586450513121,4.630078736647994,2.201239131700702,4.063885904144498,1.9847899310772765,4.117470374757774,5.1053098242035,2.3966780505315675,4.362261712063393,1.9529051559563304
80,34.13073134422302,249.402311517371,17.587558454594078,0.6401682296374931,1.4171204636579449,0.010701306740796272,3.4671990342135293,4.593867585427534,2.137221776598913,4.055403550967216,1.937346941526947,3.900765309280788,5.138158233279719,2.411083516194378,4.166533458800169,1.9710179370390248
81,34.538572788238525,244.05069996969166,17.12461625354896,0.6416334638784681,1.400972130269752,0.009332608424632629,3.4030863137095086,4.568900511811779,2.1569424491430667,4.026340855743463,1.9594160207010767,3.8205922839019815,4.966904792073702,2.2616494018602533,4.242291993193445,1.8331777825195792
82,34.931249141693115,237.99520772808108,16.462989201572,0.6430696073349689,1.416888996991283,0.006741931961137707,3.4043155888761967,4.554615073626021,2.1151220682177643,4.036780774972077,1.9291107877216125,3.5613987199081443,4.8284645878592825,2.196348179507507,4.118402352659301,1.7583753616377626
83,35.350905895233154,233.65523736318713,16.08850673139923,0.644477398395423,1.4048015468946098,0.011146584658810833,3.37523921146859,4.546310846607414,2.0990182647491515,4.0154319691659035,1.8864838983651158,3.492870246319015,4.655641589839508,2.1406090976715726,4.033627273878697,1.7657585236904398
84,35.753806591033936,228.21740663945008,15.638005372843605,0.6458419863810878,1.3839778582592086,0.0055381528756911,3.328650646636154,4.546922648658561,2.076313031148741,3.9931116848087265,1.881860430136724,3.3414947941342543,4.603128792836384,2.044069123888261,3.985456945512947,1.6638557164717576
85,36.15429186820984,226.32375589032986,15.503912364007546,0.6471787876189934,1.3697853172618013,0.017356476607435042,3.3546865220445095,4.5381347150917914,2.0482653536301765,4.017482207860468,1.8701154969289981,3.176342794747987,4.71124373273573,2.02219046886086,3.9442355536373235,1.649899814025644
86,36.55490159988403,224.86996666997243,15.406844354757942,0.6484813524459807,1.3588437140878733,0.009015664275803647,3.3515267638618482,4.5180334896811,2.035768045453958,4.01779551244942,1.867153730709965,3.199805732384857,4.687936440746493,1.9930365315303276,3.8645032044188543,1.6615624456774092
87,36.95779752731323,218.6616817826786,14.84431339919823,0.6497620570133356,1.346243594866626,0.004777769331136891,3.3314755705583945,4.509056645246267,2.0280368115346676,3.9825330166587993,1.863162125688657,3.064196532165476,4.547691518173418,1.8934839518655604,3.7380047780803456,1.6009366189134295
88,37.35577368736267,221.4231747362965,15.227593830743261,0.6510432044494491,1.322564678452638,0.004078605258032149,3.3112757031342355,4.444511749563654,2.021787660568407,3.948811481960806,1.8631408858237708,3.2139957892542097,4.5655356408307926,1.905766909279182,3.9242362617161892,1.6180592296628888
89,37.76243805885315,217.23179369217314,14.942252912318555,0.652331074028625,1.2877775296927985,0.004293997722575455,3.2998192849297276,4.434460435383352,2.045514720579411,3.9766024163177223,1.885141452314241,3.175119963224508,4.544141295282587,1.8201659691252334,3.852272379205619,1.5505533054806093
90,38.17840075492859,215.2710368482164,14.756061829537067,0.6536127995604004,1.2881480361503297,0.0048706889506534845,3.2933877587744105,4.413783763531785,2.0157597393330917,3.9375062974089006,1.86557605927329,3.061524465894214,4.50107358862338,1.8002547195009508,3.853873866128014,1.5393351893905103
91,38.567538261413574,212.13749902310522,14.520556770747561,0.654910823386337,1.2683487668581233,0.0035350310738831697,3.292191786314146,4.369772545653126,2.037204016614564,3.9621049017229946,1.8782615365396378,2.998603458108764,4.453787825438894,1.8213108725047251,3.6995191442823017,1.5473354704128761
92,38.97659659385681,212.47008854504224,14.608611135761734,0.6562249350020609,1.258098446489811,0.0028367576950294304,3.266058873300658,4.390972458773647,1.978228979547809,3.9420179480983393,1.8236993754149158,2.9664205773437073,4.467709431509678,1.8400781215893498,3.764854459628245,1.5695485456907547
93,39.36481213569641,204.83218310783553,13.809417778985384,0.6575355782554889,1.2713001502465733,0.0029903500310147785,3.2610564975285485,4.331463679326504,1.9119983470060038,3.933390234080583,1.7875646218906114,2.8414356706477353,4.263765966543897,1.763422988015703,3.4163749607101566,1.5244181930678935
94,39.775283098220825,202.77960200453452,13.583187802421836,0.6588241938518515,1.2759022756127223,0.002238669514656035,3.28336655736774,4.325827398738928,1.9427110034551776,3.8862746657909604,1.8123904670879478,2.8208559892501492,4.061578195491812,1.7591485543436707,3.443451994873903,1.4981530684623017
95,40.1756329536438,199.78559228211373,13.222151150337925,0.6600874025220892,1.294889137032877,0.0018922697610105573,3.2487877772292446,4.298226038821654,1.9173695697404485,3.8440642289220874,1.7980880104228791,2.8121627385173134,3.8570405370580727,1.7429999720690519,3.297875527677202,1.5120723750162852
96,40.577510356903076,195.9318745231968,12.90149470532108,0.6612856635148283,1.2834756149721764,0.002159633808873943,3.215871059706025,4.246485035435534,1.888791992811558,3.782171417581346,1.781138068240785,2.7321787975907372,3.82976648768133,1.6304330068344541,3.2804018457230786,1.4287145674914783
97,40.967869997024536,194.35089592020842,12.698872359190446,0.6624396194245218,1.2944810865750769,0.002452083876049552,3.238949868636502,4.217663852973546,1.909836000351907,3.783634736308808,1.767952703729549,2.63414241270463,3.746827903458509,1.6414193233019823,3.2504172081999347,1.4260655115253902
98,41.37135028839111,193.0757920119321,12.531945678600561,0.6635208978652842,1.3080566586619977,0.0008583039782789539,3.225677503347788,4.1802220854290715,1.874507240946946,3.7490188700872022,1.7402639777919857,2.7158710370347174,3.629874190220813,1.6473212094052159,3.1238281722069603,1.4150510697328533
99,41.766834020614624,191.05887795165933,12.359208033340268,0.6645599335659216,1.302433173739763,0.0013944337353913754,3.1789134769132548,4.122795105915967,1.9200000678257192,3.6943231599393394,1.7874844907705314,2.725821652522001,3.663325953832461,1.5902619801829232,2.9802604076362393,1.3995380391666423
100,42.183077812194824,187.57289693986394,12.063298540465855,0.6655769858576256,1.290730384601627,0.0008074745317559777,3.197454947187805,4.104157369233447,1.9116785196529873,3.651065441582417,1.7799554130942803,2.5485037741607908,3.5118008248353694,1.5529518415202779,3.0753238988987923,1.374718201050625
101,42.577104806900024,185.91527106603866,11.871583496512143,0.6665895176628398,1.2993560681949357,0.0010492355244821098,3.1524398847131896,4.103147333916704,1.8984681998012631,3.633614646890234,1.7698845546111166,2.563428611596268,3.457628087694758,1.4454391496691772,3.110382513769252,1.294705133782688
102,42.987032651901245,182.9155483045139,11.668045991217683,0.6675547240147065,1.275601492931983,0.001037808481041893,3.194182740568052,4.044163848009143,1.906624457299098,3.640489509402863,1.7569755872828339,2.6196567615399715,3.3097169423754265,1.4517075926816523,3.0447537929108455,1.2422109017097878
103,43.38961386680603,177.63939129114152,11.230298275918049,0.6684846687131126,1.255188057406421,0.0011998586258441112,3.173351389603717,4.037946227460097,1.8961740849993753,3.597882288166136,1.75384771813594,2.4946603667294305,3.1557565134338823,1.4351625290059802,2.905445853628561,1.2392730131201943
104,43.78374171257019,174.2784394490954,10.98963341786503,0.6693896627747075,1.2349143686297395,0.0007808254413793346,3.1616084479955386,4.016358604954005,1.8372149859019784,3.5907443888371136,1.7094336093507814,2.406245371559435,3.094555184060418,1.3899187654368241,2.8961770396379425,1.202737057170409
105,44.19194293022156,173.44552523896294,10.859692449078178,0.6702420227561641,1.246390457712259,0.0005907878974296519,3.1197853541594824,4.028892017566919,1.853101613140356,3.5844149844443516,1.7359556597260801,2.4462555812828826,3.0770153689858404,1.3630000507259286,2.827221684083649,1.1461997639998776
106,44.58719325065613,172.55274490613027,10.903473690924123,0.6710443933314508,1.2175550480870292,0.0007071777592914184,3.0834580847146813,3.9845428504427924,1.8246703474831065,3.536484962538791,1.7148982571377522,2.3528646974939753,3.163900156558741,1.3787395376220049,2.8651581738979512,1.1428111253514492
107,44.982036113739014,171.96221800352447,10.904878345241158,0.6717829626884404,1.201301643319329,0.0008564028007904149,3.1224994740494996,3.984653433764647,1.8200782801117394,3.5544448716576142,1.7070533932670016,2.293399676268707,3.292979423772696,1.2632126995221047,2.967343779720847,1.0879427659568033
108,45.38431644439697,167.34152063020656,10.504611142651965,0.6724558770051179,1.1874127317696552,0.0011434356461796108,3.083478748777274,3.9936088272801418,1.7911557913600864,3.5596722305613433,1.6973850222705467,2.264920436514254,3.026985410675648,1.2577599251743345,2.8522620590673644,1.1026833112203633
109,45.79427218437195,168.1261288808907,10.67114377181326,0.6730473757369192,1.1680392743745125,0.0009053859200328156,3.040068223006811,3.9384050513308178,1.8016056889808172,3.546364280124907,1.6927241826772725,2.3272227298979677,3.1321855512958683,1.237202681140512,2.8838897884013788,1.0906430210775317
110,46.20203185081482,166.20157380390714,10.487247015303026,0.6735785660672952,1.1659115773789241,0.0004699694108410313,3.0310961131735104,3.933411208463668,1.801893465392885,3.5451185021838096,1.7070727310278784,2.2415697041344473,3.1469714746507687,1.1924833200985219,2.857217140698734,1.0490053757205549
111,46.59618782997131,165.37805752037144,10.41962883802978,0.6740658170805645,1.1637575069044175,0.0010690597823913932,3.036373452784247,3.915043651596588,1.806806446911545,3.495881629532608,1.7022288062090063,2.2980210946137642,3.0815786044052706,1.1648693247562008,2.845994460074693,1.0291653541798513
112,47.00734877586365,161.76904445304586,9.959166465933052,0.6745117404480302,1.1910383537546039,0.0011889116616486924,3.018046659910585,3.926068896903311,1.7659880088918765,3.4762047693531395,1.6738366563626121,2.175751270079163,2.847625723256811,1.147807422692016,2.7738274607002564,1.0141545892048054
113,47.41414213180542,160.2685476183926,9.865767362512738,0.6748989610728706,1.1797082715764262,0.0013238804750078002,2.961464799841381,3.9357447848566545,1.7403557218131802,3.454987664329499,1.6537673178195695,2.2210122864644104,2.802401860022819,1.176248038180945,2.653053238488252,1.0130519393563133
114,47.81129050254822,159.39900247635387,9.794764588064265,0.6752476299395879,1.1764653983994209,0.0011665583504503843,2.9513665979597605,3.9086420910389417,1.7572413168702052,3.435841846296068,1.6632346192793923,2.0954108250091825,2.8256076993969272,1.136648129234756,2.7364380992864117,1.000659835136985
115,48.211501121520996,156.63394396703532,9.539402508680494,0.6755600668809727,1.1729656512965043,0.001706495236316336,2.9817747292432806,3.863236230859304,1.7479817250524117,3.396704380969786,1.654329200128135,1.9825910091018555,2.756342364966457,1.1585802360474542,2.6411886759910557,1.0007002225736719
116,48.614025354385376,153.33327529571758,9.226311517441617,0.6758282341256778,1.1695668265698826,0.0011626376769350247,2.997604827109041,3.865739898870151,1.7236400480919547,3.40062056992919,1.6228908427031687,1.8917251220437346,2.6617453342830846,1.1440336630129468,2.547296444259361,0.9815109538424893
117,49.01709842681885,149.30815067575173,8.792054948632927,0.6760650209551158,1.1798904235251022,0.0023035666344709584,2.9516331820451525,3.8697815657243697,1.704071290215936,3.3830957152672543,1.6050339075760756,1.7683879713419095,2.4640221905847914,1.1335225708053973,2.4486605747333647,0.9774616411674648
118,49.40885615348816,149.57221512118903,8.801737784424493,0.6762765431020215,1.1847485731008212,0.002733077519579349,2.9390356597492215,3.8528109579340786,1.7253190562589413,3.347327722933232,1.6213913354141976,1.7825851797751093,2.495118604289243,1.093901036978997,2.469591466098114,0.9605414972830294
119,49.81474828720093,149.7698416410215,8.797210436710309,0.676468838217487,1.1890321553548735,0.0022009904687688544,2.953345444276332,3.8648515867884328,1.7405362076675412,3.3506676974290897,1.6483802948758053,1.7901689622752506,2.4670544727986075,1.0892842112973902,2.4814139581263617,0.9692888322127002
120,50.21431803703308,149.98170651190713,8.842573247142022,0.6766448278048172,1.184982149609357,0.0016570800139877944,2.912551089333883,3.840618802933332,1.7227186323096717,3.360487002596579,1.642010621120363,1.8930433886497111,2.429915637398047,1.0592240827241892,2.527028956491756,0.9333611818783183
121,50.60985970497131,150.2008897650926,8.920576636799607,0.6767945218580816,1.171249611261686,0.0023477379250922926,2.9217994609343867,3.837383532890943,1.7407331635662902,3.314098367753885,1.6519821617004204,1.865623440687995,2.491953571122703,1.0376966778950574,2.6204174317944005,0.9048855152994507
122,51.018775939941406,148.67721634306693,8.834125946445614,0.676938612841514,1.1563541098678911,0.004245623844686908,2.889734674618783,3.833500622613195,1.7085057071148688,3.3316313914859177,1.6372358513761949,1.869804624221438,2.4563927116408943,1.0149195252940502,2.585454175450942,0.9075549098382898
123,51.40973877906799,147.00316625060714,8.704575070460718,0.6770629978275386,1.1466911489124747,0.0036694130219098293,2.933019221914337,3.7854070401336766,1.7226056661082296,3.3208739916648677,1.6471312588304075,1.8209484831648675,2.485951366102204,0.9763437535979651,2.5580596878421233,0.8632717797535584
124,51.82050681114197,145.56863185890325,8.563885143885068,0.6771627464040035,1.147487443886875,0.0016288167369046447,2.938743374621994,3.7831329157550124,1.7000495704825755,3.303043798927239,1.6265214416498326,1.7412488107847872,2.4979145945969132,0.9941654846058287,2.451084574137159,0.8794716797603793
125,52.205742597579956,144.36355093052387,8.440396613339898,0.6772393416334775,1.151114490631777,0.004577257203709035,2.9253102334467513,3.7404094632137226,1.6886913096332505,3.2680968920249964,1.610680674697901,1.7119225350528604,2.5184734037610053,1.0213553109738283,2.2878332608505096,0.9008121027016951
126,52.61556148529053,141.86088764595854,8.237743218801313,0.6772832142056996,1.1410307854084643,0.004078683356524593,2.895579785249536,3.7335394082645257,1.6696534682415343,3.2493396100925738,1.6127498721964404,1.7310342575138693,2.4473866762828296,0.921435346938175,2.286521087896202,0.8513658501702379
127,53.009419441223145,141.46236395538682,8.195850547537335,0.6772769739161552,1.140904379885983,0.006897826584603743,2.888105628059115,3.727812033644451,1.674004113807274,3.275704087245034,1.6178826213175224,1.7615408181839183,2.4149282019444622,0.8954828336563871,2.3006784383971572,0.8232202553554091
128,53.410754919052124,138.20635423118253,7.908855136926981,0.677234643790775,1.13353461634384,0.0041800898059683065,2.8795742288603643,3.6854960747312817,1.6697914302665953,3.250456533593091,1.6096852071110477,1.6820511000848914,2.3501060104184712,0.8740030686666993,2.204049400102431,0.7986455576544884
129,53.81484818458557,138.57394854264908,7.9878123778942385,0.6771641176187078,1.1219734274887039,0.006079083083023944,2.882063442877628,3.687815892358449,1.6858380708169671,3.247122839356772,1.6308042180469895,1.727187096007251,2.337611197494855,0.8763188685345881,2.256323012213885,0.79037220364366
130,54.22465896606445,139.0822593504521,8.020689951199518,0.6770596542632403,1.126575384976665,0.007899795480243336,2.900975671494288,3.6753808503796206,1.682371864423517,3.24550384686187,1.6231527564875543,1.741527489264631,2.4093960811419186,0.8666195776991021,2.2157188785123902,0.7874279245814776
131,54.65219807624817,137.89732384279037,7.8922754297274835,0.6769284724945946,1.1298030136908657,0.0059112879322213395,2.8915278700664104,3.6876813643518873,1.658674067119169,3.2566718873236686,1.605054048592946,1.6352641860565151,2.4438243582954438,0.8520105706699397,2.1900846062414447,0.7710917084641404
132,55.05233025550842,135.98414313866627,7.7207486066494155,0.6767613221053969,1.1269531526746663,0.014233980537351126,2.871159263927347,3.6585996562961336,1.6667832597349401,3.2035832203603882,1.607410262223899,1.672705530464623,2.3224067757495788,0.8115918680829879,2.1834605599505754,0.7305838724016509
133,55.45529890060425,134.48539653969362,7.62774224520941,0.6765559418059787,1.1129497045892531,0.005943727370024592,2.885435963407711,3.6909054160128316,1.647678478682102,3.2000939375701525,1.583372439180601,1.6357459909878105,2.2700722855810844,0.8069524096629583,2.1813030844630594,0.7336684745144965
134,55.872563123703,131.6354038368547,7.3946188730509785,0.676320743332849,1.101103070200439,0.008602368759472049,2.886488740077319,3.7106115355193885,1.6252989698210298,3.17068929715806,1.5670806436592353,1.6192761614112796,2.1398919088099726,0.8128579938852522,2.102195252099109,0.7203975568453644
135,56.294410943984985,129.66176021194238,7.205017737469055,0.6760289927075913,1.0990088953086266,0.01303523850780272,2.8528891300133976,3.6684987847291124,1.6396795293978845,3.2268284141863095,1.5742669353646748,1.5820279251384946,2.111922788841811,0.7807831281989969,2.0412506722616186,0.6890332230281346
136,56.76237440109253,129.23997673872017,7.180280960863153,0.6756997733393314,1.0942372539920249,0.010108524323621292,2.860963189673182,3.6709937776423773,1.65057821627117,3.2187953102347993,1.5805381789231494,1.5589595858556826,2.126035795395381,0.7762098645424003,2.010578227813296,0.7084974872563939
137,57.16209006309509,128.190621228384,7.11846064657425,0.6753410893596898,1.082648003132311,0.008118977230996551,2.8916339056383835,3.6541381570436817,1.6626198299543642,3.2145444139779538,1.5936982641439799,1.5103445131754434,2.125889200742547,0.7504390690363745,2.039413238953681,0.6923746246662035
138,57.561660051345825,127.03156560744713,7.044948255817808,0.6749701765073508,1.0745123666794367,0.01760673241779616,2.848719526191325,3.641318349898357,1.6512734692321223,3.1779772859795377,1.5897228418651113,1.5175488924093385,2.1521422219489996,0.732625647500665,1.9699233177629514,0.6727081761958527
139,57.96114206314087,124.71338809335342,6.885932748670018,0.6745844050808528,1.0574155242007717,0.005367385799386374,2.8258629019642543,3.6266004278968467,1.6489074621407087,3.177689722585047,1.5984273331552774,1.5372242285422892,2.0385692548784586,0.7273121017025433,1.9217811842954768,0.6610459792512497
140,58.371434688568115,124.21914248836111,6.825937841283603,0.6741778013304587,1.0576475649960546,0.011245936102589428,2.8434468983119174,3.63864621827824,1.6782357975140778,3.192927572734831,1.6151812514107806,1.5193843012511639,2.0317520376924003,0.7310587239628943,1.8819715342788037,0.6617712440983412
141,58.774391889572144,124.0606917488445,6.837818526953053,0.673742187023085,1.053786575413512,0.007489408540100991,2.7941253611790575,3.6211046558732707,1.673110732749526,3.149339700254438,1.6121314171540027,1.452255831117069,2.0958838257468466,0.7062502030234039,1.9542883081273934,0.6291403589383405
142,59.171443462371826,122.65480213319185,6.688859839049115,0.6732705988386026,1.055809128470385,0.009619889384403823,2.778352626847479,3.5954700536637327,1.6930419228772147,3.173091410934691,1.6109921013391795,1.4630300665809735,2.0235883820465657,0.6848096475723464,1.9024515302941365,0.6149802125550932
143,59.56924033164978,121.29389735410655,6.567178907325738,0.6727395546903141,1.0545063304944353,0.008858374111107894,2.766372287329332,3.6061757535235315,1.6563093799919737,3.1385948494230567,1.592804862002437,1.3814436204247245,1.9676802794948516,0.6949804754239868,1.91082792836059,0.6122466036215853
144,59.969213247299194,121.09281794314418,6.523190233458387,0.6721675839919711,1.0621354295198078,0.004393152521401882,2.75447222025449,3.6017533487559836,1.6484535956267197,3.1017955628754716,1.592462963741962,1.415476789224769,1.9941920992723559,0.6480533103263064,1.8881965027092815,0.5772715319256756
145,60.37193036079407,119.87191319267032,6.424537629279794,0.6715574042629785,1.0569953605508895,0.007261889810140804,2.7486326659588123,3.5925937773134216,1.6602078127886515,3.0730111634850625,1.5934577642177306,1.3949400050429341,2.0000528356578497,0.6477787398414422,1.8146817697918576,0.5670842789457117
146,60.77069878578186,120.29992525071555,6.4934182693763205,0.6709125346373657,1.052092514289946,0.00781415847591637,2.7346751434886203,3.6005531676270315,1.6357924553843324,3.0516016454905013,1.5806928802507463,1.4157892640573955,2.026450906837571,0.648726822632837,1.8418777507102846,0.5605735251382321
147,61.17070770263672,119.32030751852298,6.428205410217306,0.6702257360912376,1.044801426578933,0.007892108322844892,2.715812195314621,3.6014491979588463,1.6270892982696565,3.0553695943803887,1.568358222855026,1.4305440032330543,1.9901345459143744,0.6639819686948804,1.7653750744096683,0.578169817965328
148,61.570751905441284,118.08921319420759,6.342566706243771,0.6695157859733475,1.034400526827541,0.0042362590853345745,2.7201373381719005,3.585761659943597,1.6522727793513925,3.0726396362802175,1.582961599862447,1.3552818811531266,1.984985929338219,0.6828552022766569,1.7269235790674398,0.5925201144083285
149,61.9694037437439,117.08445131665526,6.275038366038634,0.668816973890641,1.0265511556738764,0.002334318524043086,2.7506549073699986,3.5918947551386795,1.6529951878675715,3.0254338131848066,1.579891473338115,1.3489583912820637,1.9496022260039816,0.6425139702240612,1.7658762607675291,0.5680875177609992
150,62.3811137676239,115.49760237514798,6.0958402947120565,0.6681082260869451,1.0335437037551511,0.0030859578970382044,2.7248904771755464,3.564828415967283,1.6421881414235666,3.0200720150515625,1.5742780442194355,1.2977744401337656,1.867130098133922,0.6363772224977134,1.7366576609678057,0.557900872978849
151,62.780972719192505,116.09463869848652,6.139341747662273,0.6673953220366002,1.037058827345707,0.002750427233467497,2.731020156305449,3.5665418850989226,1.6541011443387186,3.0131745376087693,1.5838846554135853,1.3458192402656115,1.87165479176284,0.6140528500943668,1.7694467999007863,0.5383680656386683
152,63.180394887924194,115.08938325181799,6.021908319198814,0.6666620559404833,1.041880043508924,0.0015101209904653605,2.7514596697828884,3.5476586390966016,1.6316650701507656,3.0293485968989478,1.5667941666127485,1.3096470924694945,1.8530478049451344,0.616984631252644,1.6953345860985887,0.5468942044329523
153,63.58048439025879,113.0069329987085,5.818167260207757,0.6658752872083663,1.039398062038121,0.0014644319643642109,2.7784051235708564,3.5578505857312477,1.6557453545007073,3.0047445503584487,1.5852525817721035,1.327170738574404,1.757518563581573,0.5945051798290092,1.6183311550382655,0.5206416231845056
154,63.97848057746887,113.16134306458244,5.85928468182168,0.6650302084450748,1.0334799314874838,0.0010705168403647909,2.7851591767289947,3.529926565179295,1.6430332717022629,3.0269870296429366,1.578092218327346,1.3205057592598815,1.7716866976493566,0.6214285657597209,1.607625581436416,0.538038077716305
155,64.37752556800842,113.1237864007028,5.876754114909845,0.6641505378782604,1.0288025241692207,0.002703898166451609,2.765682275857431,3.5387578088167113,1.6321038937964538,3.02068005513828,1.58006581518193,1.3604236364724511,1.7502391261293488,0.6200778574222744,1.5868176835725878,0.5591958113131825
156,64.77759027481079,112.24730154028032,5.84155721911262,0.6632512128873563,1.016877366029554,0.000510198794614256,2.7355217018469156,3.5282362991659517,1.6535627975394607,2.9886307401221157,1.5869217576155457,1.3806190109585386,1.7161292071661294,0.5929122808766235,1.6367157426376684,0.515180977473661
157,65.17564463615417,111.25014798478728,5.73919197989995,0.6623183427029524,1.0178735372914676,0.002212029586012416,2.744156275389213,3.5182431378036187,1.6431446708773685,2.982108609154366,1.5911036286155475,1.387280157418679,1.6330752025410848,0.5983700305109508,1.5924950741275063,0.5279715153017294
158,65.57504677772522,110.90002655823861,5.736725767878679,0.6613464620636748,1.010505145651008,0.0010611895997634621,2.7329268430749365,3.4995891505409307,1.6454703192420066,2.9846288416641387,1.587540247226047,1.4101891657804237,1.6306935075716702,0.5763348877748062,1.6047529702035044,0.514755236548274
159,65.97374057769775,110.74412458790877,5.694106977231987,0.6603381990297683,1.0180228765985735,0.00048412542114928186,2.7227184053948448,3.53011514091781,1.6118123067391699,2.979870819319339,1.576800754823873,1.3988997936545355,1.6396063151546318,0.575230139679656,1.5775761803450408,0.5027945483981227
160,66.38578033447266,110.50200218069531,5.667760005394679,0.659261222757481,1.0187890831244026,0.0002030319565020089,2.7281877123427045,3.534508132713836,1.6156702360999746,2.968929649933863,1.5660788159680632,1.4518262213928363,1.6348539399689257,0.5510682666167321,1.541759802359243,0.4882517750569424
161,66.78508853912354,109.55465777149016,5.574549165805033,0.6581307666898276,1.0208513983493057,0.0006065312133867061,2.713146859370469,3.518639593041939,1.5954708524350867,2.9388103797809806,1.5503051969359072,1.400388515673462,1.6261104347377608,0.552896276802795,1.5133438315400463,0.48181010705096905
162,67.19142365455627,109.80119550675727,5.616602219155303,0.6569506234713755,1.0157353853283888,0.0002097592572983191,2.7193617007217386,3.5369221496414016,1.6063691644916107,2.9292169327766406,1.5567275717086215,1.4529984144591654,1.612811860124397,0.5387873280361504,1.5257582390201367,0.48624637751545374
163,67.59197783470154,109.51754964519313,5.564473691974291,0.6557252365134701,1.0210872436639926,0.00021212993817790489,2.7329964752625453,3.5333331522506906,1.5998218274367537,2.9568171740554257,1.5504169834334516,1.4886113145312638,1.5390891188584161,0.5495913724720589,1.4831986286016499,0.503983257510902
164,67.99285936355591,107.22013888780666,5.3533101025294085,0.6544449361823308,1.017321407615695,0.0001578243715302253,2.7201262468554064,3.5221761664545634,1.6172837908999915,2.9306661854657814,1.549326407655174,1.4134920960901545,1.4636829858741565,0.5552321430360412,1.4264686221762917,0.494434255352765
165,68.39561295509338,106.75631261885466,5.335029282402528,0.6531091748648301,1.0105860537898144,0.00010144505608036308,2.7190380978811444,3.539089195927661,1.603342847594045,2.9266607815072185,1.5412361004058353,1.38744295512834,1.4785434366209826,0.5610175148123545,1.411535246141855,0.4964901296989951
166,68.79649353027344,105.80832043184287,5.285929302433017,0.6517285255190626,1.0017185037886505,0.00010246133884702037,2.6750117430989278,3.5024297231071913,1.5963522902211527,2.901669529545138,1.552992983136365,1.3918135327674723,1.413722807279658,0.5492867617631726,1.435799437345919,0.4953067632767946
167,69.19524550437927,107.25768263191402,5.419468941566934,0.6503210857981188,1.0045074925848592,4.927969526325817e-05,2.697025133786976,3.5228788263014437,1.5841316293408423,2.8851969769235732,1.5430905810041018,1.4185291526704158,1.5121341766593537,0.5694726290632796,1.4277071445067822,0.49162583866710247
168,69.59472560882568,106.80587148342386,5.363929815084063,0.6488896525367085,1.0054797689679587,5.5296299974888944e-05,2.691540976932936,3.533248333303122,1.5984206557771459,2.9187124434528586,1.5565152155621347,1.3828668452487334,1.5550054945173533,0.5214691360384345,1.430399167777644,0.47418917150189827
169,69.99258923530579,105.7046100593945,5.256460376913839,0.6474599407695957,1.0040113367861778,4.4652051253505596e-05,2.7219104356171813,3.5323224215202065,1.587774879841481,2.9463577138603445,1.5436827751489248,1.381758325088816,1.4812795936664702,0.5235135626736026,1.398999603192754,0.4709092922921962
170,70.40283226966858,105.67705154202577,5.230260152521632,0.6460388671488901,1.0103192433182338,4.570892737011102e-05,2.7282911683787683,3.526486282156575,1.583554608295104,2.939252915534662,1.5380107336387288,1.2844876494323683,1.5173300187880272,0.5114667929530484,1.4475114528542714,0.46946423849391655
171,70.80247616767883,106.03858781129085,5.263175967961118,0.6446260657179481,1.010163424872323,2.525005802917103e-05,2.7087290431935296,3.525930213305666,1.6164408780188981,2.9470933689978573,1.5574463174948268,1.2848107845348147,1.5411472147059515,0.514858258063023,1.432194744931005,0.4901649657263239
172,71.20197296142578,103.92696629398453,5.0464892488787605,0.6432247309990441,1.014023254009741,1.935824151802844e-05,2.7010760308552806,3.5043202619474014,1.6059281299861408,2.8964478559746865,1.5501272768032242,1.2003059677688173,1.4733481426831785,0.49639420710372034,1.4105750388037512,0.4658658925192935
173,71.59906935691833,104.30871263564723,5.1039010427769105,0.6418323027545988,1.0105491886961884,7.621616758466484e-06,2.670825006636956,3.475388816472083,1.6075485615403073,2.8984232850118925,1.5537090659979798,1.2393476944611894,1.4512796666438268,0.4945454857157642,1.460888165855259,0.45784003010087093
174,71.99817419052124,103.29671215056601,5.023231375544783,0.6404625637564756,1.0052628609475616,4.623522678520663e-06,2.6713353572767176,3.478276582544351,1.6101415403769899,2.9045202854300536,1.5491430043084489,1.2042809517259592,1.4249504822610572,0.49596022701436765,1.4305510826670047,0.4674886318763941
175,72.42673373222351,103.08758522754934,5.018814975356239,0.6391008368652094,1.0016320121651474,5.4035201186286885e-06,2.659663755848261,3.4747781900710346,1.6105971024093966,2.9042092585129984,1.5458004401540306,1.1668428506349797,1.4923430122519856,0.4909168894959621,1.4137720523112662,0.4549401706620448
176,72.87189507484436,102.76360874618375,4.974514895380989,0.6377413135419101,1.004096830726826,1.2674022381303262e-06,2.6728434934876546,3.4765170627593625,1.599085825616721,2.9301097312639968,1.5382878692289277,1.1480047958237587,1.509501366462588,0.47372928842660006,1.3994137840459837,0.44386566062205773
177,73.26971435546875,101.1371983347982,4.838868503604214,0.6363665597760597,0.9985351324382079,1.1040609315734485e-06,2.6685856130603236,3.467122679279134,1.5919954770218325,2.9066528449733138,1.5363837230561341,1.1114658177336554,1.4641588721992131,0.45604361729211024,1.3892516773821342,0.41794851899710095
178,73.6772813796997,100.11186385200568,4.7676356137890705,0.6349618340185329,0.9934452038724368,4.842758387455353e-07,2.6306268759121014,3.4266413932870576,1.5912757937307926,2.873279188628121,1.5409139893650543,1.0711017478317748,1.4312556543785153,0.44851796755093376,1.3981301363769862,0.41863010765085973
179,74.076651096344,99.35996889569934,4.676533673126477,0.6335407804471176,0.9963686701275852,4.2625015866831565e-07,2.636217056319259,3.4419522109021696,1.5983279717840502,2.8843816201124346,1.545465293515968,1.0615015831161942,1.406745367834858,0.45536626432419863,1.3242818902718265,0.42863856757939967
180,74.48857355117798,98.41210909391117,4.566224213244172,0.6320804879692914,1.0008013256772026,1.8336875049450742e-07,2.6366104863602975,3.4339299227521316,1.5869568255978292,2.8851274540618355,1.5431085742712112,1.0238217652565083,1.344249959744915,0.45367982146346,1.3220230380708884,0.42244962870840025
181,74.88938903808594,96.52562930207864,4.3847604717130295,0.6305901396984791,1.000644628567039,1.850448696133722e-07,2.6318738936166333,3.4127492016777827,1.559030992384935,2.8995973209404973,1.5183977089036018,0.9880816711621966,1.2783733132580848,0.4802990186557173,1.2153137302704025,0.42269273836662813
182,75.29097628593445,96.73464829778644,4.409804892136795,0.6290547793841743,0.9993733180039551,6.429742080784835e-08,2.636447416758164,3.427409286113894,1.565027415421849,2.8820611246941503,1.5216665695906142,0.9820919471998864,1.3132780942999323,0.47140512246808136,1.220469753048603,0.42255997512029186
183,75.68812084197998,95.83515375881055,4.275818132808239,0.6274737500794092,1.008606042279131,3.6678643472660335e-08,2.6678383075567402,3.4231195449992238,1.5900906735487326,2.8815975138038477,1.542610912896319,0.9107747166999934,1.2389399790212055,0.4577932936317669,1.2617039266829946,0.40660621677227865
184,76.08805751800537,95.69959468343487,4.264615397863423,0.6258450402776623,1.0081044011654705,1.9673877386472267e-08,2.6972501245497273,3.4081439055379343,1.6000442506530388,2.85803797743069,1.53994334005888,0.8735852727997167,1.2721645125601238,0.4538236877656642,1.2727341476229808,0.39230777711493736
185,76.48902130126953,94.89839119240523,4.209435866754965,0.6241979339332676,1.002646486573045,8.89438307326112e-09,2.6625432427623403,3.3909056454813435,1.5965311548489605,2.881834208636773,1.5421608673767202,0.8903335746369887,1.3125350695143099,0.42558816443728975,1.1806442352100792,0.4003348229562971
186,76.88727641105652,94.33913676944148,4.156522884519387,0.622554354041206,1.0021232484352487,1.0176729723925177e-08,2.656534025374769,3.392311598925738,1.6026599681403095,2.863293427731894,1.5516246024470222,0.8811512082802003,1.274795654191669,0.4211426431795038,1.1933949181268013,0.3860384607412132
187,77.28593873977661,94.22247757329026,4.160992596422785,0.6209230833476453,0.999172479805551,3.879505616392728e-09,2.6220702241902676,3.394972013635485,1.5964895833361226,2.866191318580816,1.5450061898705196,0.887247559787266,1.2800879242289582,0.4154069305057181,1.1914091392116997,0.3868410426891436
188,77.69333529472351,93.5192545523719,4.098822210523753,0.6193086150235263,0.9983212276124287,5.124163283888073e-09,2.6177662192434656,3.4001042700708655,1.5911638786022615,2.825464520596021,1.5443758339769158,0.8668028645491495,1.242000952492184,0.3973951417353341,1.2339853842671942,0.35863786747989196
189,78.0924563407898,94.24244813939555,4.169758715012291,0.6177185078350648,0.9991537913600181,4.9755527518717574e-09,2.5870837348651654,3.404424874134361,1.5901203825870942,2.8491358317978865,1.5302259986767812,0.9053193368971298,1.2970317573127335,0.3834904023972919,1.2294884050870711,0.35442881331806525
190,78.50465106964111,93.54511353547272,4.100568388883169,0.616149761399154,0.9981286280721345,2.0262474737870365e-09,2.6123071306641283,3.41233700201404,1.5967882320915303,2.8356883130361967,1.5410140825243486,0.8972185433813913,1.234200520953604,0.40057804784895956,1.1966125902841007,0.3719586864151131
191,78.90179371833801,92.91157250931886,4.075239156497176,0.614608992293145,0.9891684598000102,2.519574772731907e-09,2.6052351266810905,3.402859401522083,1.5820478011377754,2.8657278018036236,1.5219634263894048,0.9016608675709623,1.2609649936785798,0.40686489706652335,1.132509451200416,0.3732389469806948
192,79.3020703792572,93.22741057557141,4.1006289030027,0.613081676910185,0.9907058178438681,9.328597767419836e-10,2.6097876821683887,3.4286342165512917,1.5703466155670822,2.852429625542671,1.5186090141172162,0.9032359376439368,1.269235890851251,0.4077086904763057,1.1588220686859436,0.36162631534526224
193,79.70156788825989,92.3593767851695,4.005256835409622,0.6115716804385973,0.9937878249482406,1.3010114087322536e-09,2.6043864846900915,3.4052823638291003,1.5842007663913702,2.8193715642902726,1.530482572203211,0.8614835187499932,1.2456026947157801,0.3968795116647158,1.1424359564330602,0.35885515384607286
194,80.10057783126831,92.41306503773791,3.9588534618342983,0.6100428603726102,1.0091232160200325,1.0043731063512092e-09,2.5565509485407043,3.3928005409066873,1.563051805052957,2.817332918450272,1.5198227042660255,0.8941419932528761,1.191442864500177,0.3747172132891073,1.157307078582732,0.34124431220940654
195,80.49991631507874,91.812996747367,3.9158898066608723,0.6084542329009872,1.0044352888769243,1.1382385418341168e-09,2.5506283114160393,3.4225323677197843,1.554817683006742,2.8347775387669123,1.5054769907325984,0.8679411637621179,1.2376075989188704,0.38306110301383506,1.0789036693010166,0.3483762716650328
196,80.8994619846344,92.39105795206815,3.9174700475916353,0.6068157859835397,1.0192472636939756,5.619830960832681e-10,2.5485240052731184,3.4212746625027615,1.5477158147528176,2.8176878458839543,1.5044488134346046,0.8941024585605575,1.1876646782400855,0.37778914848839645,1.1243993330296504,0.3335144292729453
197,81.30088639259338,91.53921097266844,3.8722778635433803,0.6051132928884795,1.0096272911988349,7.516217189359168e-10,2.5488731709515453,3.4235301513264935,1.5468622626209971,2.803679559511393,1.5032822512307114,0.9267250481217834,1.1391506261199205,0.37775841111130337,1.099604162615361,0.32903961557501193
198,81.69901466369629,91.0982959101015,3.878163265482916,0.6033540399635118,0.9979508818144669,5.109758448911043e-10,2.5503884471613025,3.386624719213803,1.5584306743621157,2.7912894155643535,1.5085406859176018,0.9168367282293701,1.1619498644162805,0.38183411963578795,1.0812468989189032,0.336295654282574
199,82.0969398021698,90.5381271165077,3.859349686532027,0.6015639525802479,0.9875743937372473,5.196694918642832e-10,2.564144268625939,3.3998850159644487,1.5710853812981895,2.793492058924544,1.5114838237845019,0.9029564833790569,1.1170933859376118,0.3961062500516084,1.0961348056286242,0.3470587615351256
200,82.50840067863464,90.55143500855078,3.877973308836249,0.5997740004808456,0.9824338184905047,4.901723609124592e-10,2.5645622819193385,3.402080102787212,1.5915487737464231,2.788304030647713,1.5280799904963964,0.9148876433166647,1.0814260865040466,0.4078015525418677,1.1157066832184015,0.35815134325526876
201,82.90728282928467,90.0944696044584,3.8353573913706143,0.5980050688894354,0.9819414735545429,2.356532437871431e-10,2.5671808189575978,3.4060998372226323,1.5846456143130772,2.7783127779840777,1.5289926309680728,0.9080873300029442,1.085997883869414,0.4011680723289537,1.0974235425480414,0.3426805626212614
202,83.30554389953613,90.61718710434879,3.879843719424062,0.5962593332031451,0.9844279820706944,2.477767298974112e-10,2.565534311568109,3.412023871844927,1.5661014982863497,2.7855372033886376,1.516174408741447,0.9169658729285425,1.148118334172204,0.39520344392571544,1.0724475331112333,0.3471085352863668
203,83.70348787307739,90.30020576410715,3.8453101083759744,0.594531238731886,0.9845924433084795,3.2359677758026145e-10,2.5845140727586213,3.4041471628967974,1.5734338882958228,2.7830132455381356,1.5237673394633604,0.8848705693791564,1.1615430615041007,0.4046527463806636,1.0456778672286604,0.3485658638833935
204,84.10144376754761,89.47043523571327,3.740081117299253,0.5928282583776885,0.9923185279466524,2.345556476918238e-10,2.571706322162489,3.372788798993259,1.5580217128638787,2.7690033792799014,1.512534472942853,0.8902631918876891,1.090536236766943,0.40617909409795194,1.0201697689608638,0.3329328255858057
205,84.50075268745422,89.72793747401518,3.749159109662706,0.5911149106397933,0.9971610715996202,1.472404471247398e-10,2.573507572737439,3.3841877900291566,1.5402851315477017,2.7689881921038655,1.4918199161981132,0.8984468775092167,1.1225408410740396,0.40758912547762977,0.9839855404716203,0.3365967251301997
206,84.90102338790894,88.93039543227718,3.6570861065285087,0.5893721002898888,1.0004501622128354,1.8025752285427472e-10,2.5823021781293325,3.3884967789428755,1.5370010165113719,2.7609240844550818,1.4834317199698583,0.8808990618578163,1.067584896512105,0.3939810189834393,0.9859741822766138,0.32864694689853435
207,85.30084562301636,87.9147838730151,3.557065420112161,0.5876089023481224,0.9994541148140204,2.1732178118323947e-10,2.5821315226307044,3.3840804539161735,1.5491286821509112,2.772406247692403,1.4906092703770273,0.8412411161640312,1.0310008685164667,0.3937507472467274,0.958954985366565,0.332117702818371
208,85.70139741897583,87.23275438321032,3.484852057371978,0.5858405906553402,1.0014696540671935,2.0841640356589102e-10,2.557982924407165,3.382843059632483,1.5418484498451566,2.774605550935478,1.4823270711187588,0.805337819225006,1.031206289080333,0.3785087077029411,0.9411323982537101,0.3286668431099879
209,86.10140299797058,87.78260995039118,3.577223944153008,0.5840618952947747,0.9912093201525172,1.0687084156635057e-10,2.561790027689469,3.358153235155494,1.5682746984584017,2.7835020531122523,1.5062157929431474,0.8366326871297011,1.0530035859924367,0.38058058635520614,0.9835715339247845,0.32343555075087954
210,86.51651525497437,87.17480930782426,3.5572938129570035,0.5822784310442436,0.983043142866534,1.5369951382637186e-10,2.543559627346812,3.3246789978936278,1.5647966928682377,2.763090054699927,1.5017416595863198,0.8356236120554832,1.0106906367727784,0.38007508408400537,1.0095548941400248,0.3213495859047121
211,86.9159529209137,87.20387015729372,3.5685350511850826,0.5804909112206724,0.9791272435691546,1.0614050317054199e-10,2.56020158542224,3.3356257022444558,1.5794066470711638,2.782462133089256,1.5152429235227827,0.7921850184288353,1.0530137274840263,0.3911603568200969,1.0069545717888622,0.32522137666326234
212,87.31485295295715,86.73107759186229,3.5249421564232692,0.5787153486676526,0.978190440122032,9.221343114486854e-11,2.5813847304752264,3.3436747746569866,1.5735276636384647,2.7643863624768126,1.5123495427409595,0.790353579528557,1.034028331841949,0.39410006428415495,0.9874163114211051,0.3190438693475034
213,87.71485662460327,86.13720777333289,3.4503323353094992,0.5769442473611631,0.9825060100540728,9.383258033594218e-11,2.5621386994956006,3.3445570046468918,1.5667757122364965,2.7826283309096267,1.5006000233313703,0.7628656766122847,1.0146355520016517,0.3727334253528905,0.9873174389075843,0.31278024243508856
214,88.11450672149658,86.77434137112714,3.521553652094053,0.5751546932485485,0.9819159818592221,7.219006535120054e-11,2.5418422346520226,3.351594455794988,1.558420708110559,2.743703677404525,1.5114498065348871,0.7508689686129428,1.0755709361433303,0.3802262518369135,0.997394703409196,0.3174927920916701
215,88.51386189460754,85.9730746969158,3.4181549359545276,0.5733445962472984,0.9876193494835981,7.018101282311548e-11,2.5548669406148234,3.361531432153945,1.5637950254065438,2.727644759679308,1.5055686038544989,0.7512564346496535,1.0093893036358181,0.3767897625565602,0.970584729783766,0.3101347053287296
216,88.91301679611206,85.25932133943917,3.357692632105438,0.5714990610460355,0.984994211539756,5.922290983368207e-11,2.553605547538556,3.3471865632688584,1.565259933511489,2.7454116941774247,1.4996637571929605,0.69675602555851,1.0106019405622664,0.3726672668681497,0.9640022458851473,0.3136651532313646
217,89.31412482261658,84.9734153181591,3.32342663439672,0.5696341980630834,0.9867819424807133,4.488762110516153e-11,2.5694658670850203,3.340975263401482,1.5603353531810689,2.7260190391749797,1.5014415540128512,0.697925158884491,1.0031656111131781,0.3763784687402766,0.9348692584361099,0.31108813722266465
218,89.71394109725952,84.60351179198699,3.3139341366215653,0.5677617793304646,0.9810518740966964,4.5467582974848804e-11,2.5602281857569817,3.317930793276919,1.5622404278230935,2.709127615242266,1.5048066604282915,0.7038003498648773,0.9893204538524162,0.3800392418474071,0.9223357464308143,0.3184383446260504
219,90.11578178405762,84.13445022768938,3.254284438707456,0.5658851476044158,0.9843577218305872,5.900634491097625e-11,2.563280507046312,3.315469509960182,1.5668358030577842,2.7013334407468133,1.5044925589168239,0.6880540287085973,0.9645762616558456,0.35229662682844215,0.9437336990211131,0.3056238224934574
